date,ssta
1870-01-15,-1.0
1870-02-15,-1.2
1870-03-15,-0.83
1870-04-15,-0.81
1870-05-15,-1.27
1870-06-15,-1.08
1870-07-15,-1.04
1870-08-15,-0.88
1870-09-15,-0.53
1870-10-15,-0.92
1870-11-15,-0.79
1870-12-15,-0.79
1871-01-15,-0.25
1871-02-15,-0.58
1871-03-15,-0.43
1871-04-15,-0.5
1871-05-15,-0.71
1871-06-15,-0.53
1871-07-15,-0.6
1871-08-15,-0.33
1871-09-15,-0.24
1871-10-15,-0.33
1871-11-15,-0.31
1871-12-15,-0.58
1872-01-15,-0.72
1872-02-15,-0.62
1872-03-15,-0.5
1872-04-15,-0.77
1872-05-15,-0.62
1872-06-15,-0.52
1872-07-15,-0.32
1872-08-15,-0.85
1872-09-15,-1.02
1872-10-15,-0.94
1872-11-15,-0.79
1872-12-15,-0.88
1873-01-15,-0.78
1873-02-15,-1.01
1873-03-15,-1.31
1873-04-15,-0.67
1873-05-15,-0.53
1873-06-15,-0.48
1873-07-15,-0.58
1873-08-15,-0.39
1873-09-15,-0.34
1873-10-15,-0.78
1873-11-15,-0.77
1873-12-15,-0.7
1874-01-15,-0.93
1874-02-15,-1.06
1874-03-15,-1.4
1874-04-15,-0.94
1874-05-15,-0.86
1874-06-15,-0.72
1874-07-15,-1.0
1874-08-15,-1.05
1874-09-15,-1.13
1874-10-15,-1.25
1874-11-15,-1.33
1874-12-15,-1.14
1875-01-15,-0.71
1875-02-15,-0.37
1875-03-15,-0.59
1875-04-15,-0.87
1875-05-15,-1.09
1875-06-15,-0.76
1875-07-15,-0.85
1875-08-15,-0.81
1875-09-15,-0.91
1875-10-15,-0.83
1875-11-15,-0.64
1875-12-15,-0.75
1876-01-15,-0.95
1876-02-15,-1.2
1876-03-15,-1.13
1876-04-15,-1.18
1876-05-15,-1.08
1876-06-15,-0.43
1876-07-15,-0.34
1876-08-15,-0.16
1876-09-15,-0.02
1876-10-15,0.11
1876-11-15,0.15
1876-12-15,0.23
1877-01-15,0.35
1877-02-15,0.46
1877-03-15,0.52
1877-04-15,0.5
1877-05-15,0.76
1877-06-15,0.98
1877-07-15,1.42
1877-08-15,1.54
1877-09-15,1.75
1877-10-15,1.95
1877-11-15,2.08
1877-12-15,2.49
1878-01-15,2.41
1878-02-15,2.43
1878-03-15,1.31
1878-04-15,0.92
1878-05-15,0.82
1878-06-15,0.92
1878-07-15,0.25
1878-08-15,-0.11
1878-09-15,-0.32
1878-10-15,-0.53
1878-11-15,-0.7
1878-12-15,-0.75
1879-01-15,-0.55
1879-02-15,-0.18
1879-03-15,-0.24
1879-04-15,-0.37
1879-05-15,-0.83
1879-06-15,-0.67
1879-07-15,-0.77
1879-08-15,-0.69
1879-09-15,-0.83
1879-10-15,-0.93
1879-11-15,-1.14
1879-12-15,-1.02
1880-01-15,-1.0
1880-02-15,-0.73
1880-03-15,-0.62
1880-04-15,-0.57
1880-05-15,-0.71
1880-06-15,-0.61
1880-07-15,-0.53
1880-08-15,-0.24
1880-09-15,-0.03
1880-10-15,0.17
1880-11-15,0.24
1880-12-15,0.18
1881-01-15,0.29
1881-02-15,0.23
1881-03-15,0.32
1881-04-15,0.41
1881-05-15,0.16
1881-06-15,0.23
1881-07-15,-0.26
1881-08-15,-0.17
1881-09-15,-0.33
1881-10-15,-0.43
1881-11-15,-0.59
1881-12-15,-0.37
1882-01-15,-0.45
1882-02-15,-0.55
1882-03-15,-0.53
1882-04-15,0.1
1882-05-15,0.01
1882-06-15,-0.4
1882-07-15,-0.57
1882-08-15,-0.33
1882-09-15,-0.51
1882-10-15,-0.65
1882-11-15,-0.92
1882-12-15,-0.75
1883-01-15,-0.46
1883-02-15,-0.49
1883-03-15,-0.4
1883-04-15,-0.23
1883-05-15,-0.38
1883-06-15,-0.21
1883-07-15,-0.01
1883-08-15,-0.03
1883-09-15,-0.17
1883-10-15,-0.42
1883-11-15,-0.22
1883-12-15,-0.14
1884-01-15,-0.11
1884-02-15,-0.01
1884-03-15,-0.0
1884-04-15,0.26
1884-05-15,0.4
1884-06-15,-0.13
1884-07-15,0.28
1884-08-15,0.2
1884-09-15,0.18
1884-10-15,0.29
1884-11-15,0.3
1884-12-15,0.35
1885-01-15,0.12
1885-02-15,0.27
1885-03-15,0.12
1885-04-15,-0.02
1885-05-15,0.44
1885-06-15,0.17
1885-07-15,0.08
1885-08-15,0.34
1885-09-15,0.52
1885-10-15,0.72
1885-11-15,0.81
1885-12-15,1.02
1886-01-15,0.17
1886-02-15,-0.1
1886-03-15,-0.11
1886-04-15,-0.37
1886-05-15,-0.85
1886-06-15,-0.9
1886-07-15,-0.97
1886-08-15,-1.03
1886-09-15,-1.21
1886-10-15,-1.14
1886-11-15,-1.34
1886-12-15,-1.44
1887-01-15,-0.68
1887-02-15,-1.02
1887-03-15,-1.17
1887-04-15,-1.18
1887-05-15,-1.14
1887-06-15,-0.56
1887-07-15,-0.55
1887-08-15,-0.62
1887-09-15,-0.34
1887-10-15,-0.12
1887-11-15,0.04
1887-12-15,0.15
1888-01-15,0.15
1888-02-15,0.66
1888-03-15,0.4
1888-04-15,0.3
1888-05-15,0.47
1888-06-15,0.4
1888-07-15,0.56
1888-08-15,0.93
1888-09-15,0.58
1888-10-15,1.42
1888-11-15,2.21
1888-12-15,1.67
1889-01-15,1.98
1889-02-15,1.47
1889-03-15,0.83
1889-04-15,0.46
1889-05-15,0.32
1889-06-15,0.09
1889-07-15,-0.76
1889-08-15,-0.99
1889-09-15,-0.92
1889-10-15,-1.31
1889-11-15,-1.08
1889-12-15,-1.25
1890-01-15,-2.49
1890-02-15,-2.11
1890-03-15,-1.15
1890-04-15,-1.14
1890-05-15,-1.0
1890-06-15,-0.86
1890-07-15,-0.92
1890-08-15,-1.38
1890-09-15,-1.29
1890-10-15,-1.26
1890-11-15,-1.07
1890-12-15,-0.68
1891-01-15,-0.45
1891-02-15,-0.25
1891-03-15,-0.07
1891-04-15,0.15
1891-05-15,0.13
1891-06-15,0.29
1891-07-15,0.11
1891-08-15,0.05
1891-09-15,-0.08
1891-10-15,-0.03
1891-11-15,0.06
1891-12-15,0.01
1892-01-15,-0.5
1892-02-15,-0.34
1892-03-15,-0.58
1892-04-15,-0.65
1892-05-15,-0.72
1892-06-15,-0.57
1892-07-15,-0.62
1892-08-15,-0.63
1892-09-15,-1.07
1892-10-15,-1.54
1892-11-15,-1.62
1892-12-15,-1.18
1893-01-15,-1.23
1893-02-15,-1.16
1893-03-15,-1.24
1893-04-15,-1.3
1893-05-15,-1.32
1893-06-15,-1.19
1893-07-15,-1.32
1893-08-15,-1.29
1893-09-15,-1.28
1893-10-15,-1.36
1893-11-15,-1.3
1893-12-15,-1.0
1894-01-15,-1.09
1894-02-15,-1.13
1894-03-15,-1.06
1894-04-15,-0.92
1894-05-15,-1.0
1894-06-15,-0.84
1894-07-15,-0.88
1894-08-15,-0.8
1894-09-15,-1.1
1894-10-15,-0.82
1894-11-15,-0.92
1894-12-15,-0.48
1895-01-15,-0.73
1895-02-15,-0.49
1895-03-15,-0.4
1895-04-15,-0.17
1895-05-15,-0.03
1895-06-15,-0.21
1895-07-15,-0.26
1895-08-15,0.36
1895-09-15,0.42
1895-10-15,0.32
1895-11-15,0.44
1895-12-15,0.48
1896-01-15,0.16
1896-02-15,0.09
1896-03-15,0.15
1896-04-15,-0.01
1896-05-15,-0.04
1896-06-15,-0.21
1896-07-15,0.43
1896-08-15,1.05
1896-09-15,1.04
1896-10-15,1.1
1896-11-15,1.51
1896-12-15,1.55
1897-01-15,1.49
1897-02-15,1.14
1897-03-15,0.55
1897-04-15,-0.22
1897-05-15,-0.17
1897-06-15,-0.02
1897-07-15,0.07
1897-08-15,-0.15
1897-09-15,-0.24
1897-10-15,-0.57
1897-11-15,-0.61
1897-12-15,-0.4
1898-01-15,-0.51
1898-02-15,-0.57
1898-03-15,-0.79
1898-04-15,-0.61
1898-05-15,-0.59
1898-06-15,-0.28
1898-07-15,-0.63
1898-08-15,-0.76
1898-09-15,-0.19
1898-10-15,-0.33
1898-11-15,-0.66
1898-12-15,-0.78
1899-01-15,-0.75
1899-02-15,-0.71
1899-03-15,-0.56
1899-04-15,-0.34
1899-05-15,0.04
1899-06-15,0.09
1899-07-15,-0.02
1899-08-15,0.63
1899-09-15,0.43
1899-10-15,0.92
1899-11-15,1.29
1899-12-15,1.51
1900-01-15,1.41
1900-02-15,1.29
1900-03-15,0.99
1900-04-15,0.66
1900-05-15,0.54
1900-06-15,0.76
1900-07-15,0.75
1900-08-15,0.78
1900-09-15,0.56
1900-10-15,0.42
1900-11-15,0.14
1900-12-15,0.6
1901-01-15,0.82
1901-02-15,0.29
1901-03-15,0.05
1901-04-15,-0.13
1901-05-15,-0.19
1901-06-15,-0.26
1901-07-15,-0.3
1901-08-15,-0.38
1901-09-15,-0.3
1901-10-15,-0.31
1901-11-15,-0.39
1901-12-15,-0.35
1902-01-15,-0.5
1902-02-15,-0.26
1902-03-15,-0.27
1902-04-15,0.2
1902-05-15,0.47
1902-06-15,0.77
1902-07-15,1.44
1902-08-15,1.21
1902-09-15,1.44
1902-10-15,1.4
1902-11-15,1.54
1902-12-15,1.39
1903-01-15,1.33
1903-02-15,0.93
1903-03-15,0.79
1903-04-15,0.36
1903-05-15,-0.1
1903-06-15,0.29
1903-07-15,-0.49
1903-08-15,-0.32
1903-09-15,-0.6
1903-10-15,-0.42
1903-11-15,-0.76
1903-12-15,-1.02
1904-01-15,-0.73
1904-02-15,-0.79
1904-03-15,-0.85
1904-04-15,-0.72
1904-05-15,-0.4
1904-06-15,0.14
1904-07-15,0.75
1904-08-15,0.54
1904-09-15,0.01
1904-10-15,0.91
1904-11-15,0.15
1904-12-15,0.86
1905-01-15,0.68
1905-02-15,0.72
1905-03-15,0.92
1905-04-15,0.29
1905-05-15,1.08
1905-06-15,0.59
1905-07-15,0.82
1905-08-15,1.04
1905-09-15,1.42
1905-10-15,1.12
1905-11-15,0.83
1905-12-15,1.17
1906-01-15,0.89
1906-02-15,0.67
1906-03-15,0.8
1906-04-15,0.45
1906-05-15,0.02
1906-06-15,0.15
1906-07-15,-0.49
1906-08-15,-0.37
1906-09-15,-0.81
1906-10-15,-0.87
1906-11-15,-0.33
1906-12-15,-0.51
1907-01-15,-0.57
1907-02-15,-0.41
1907-03-15,-0.43
1907-04-15,-0.56
1907-05-15,-0.47
1907-06-15,-0.41
1907-07-15,-0.55
1907-08-15,-0.65
1907-09-15,0.13
1907-10-15,-0.25
1907-11-15,-0.25
1907-12-15,-0.09
1908-01-15,-0.27
1908-02-15,0.07
1908-03-15,-0.63
1908-04-15,-0.55
1908-05-15,-0.45
1908-06-15,-0.22
1908-07-15,-0.63
1908-08-15,-0.4
1908-09-15,-0.52
1908-10-15,-0.5
1908-11-15,-0.88
1908-12-15,-1.15
1909-01-15,-0.29
1909-02-15,-0.88
1909-03-15,-0.54
1909-04-15,-0.68
1909-05-15,-0.36
1909-06-15,-1.1
1909-07-15,-1.0
1909-08-15,-0.97
1909-09-15,-0.85
1909-10-15,-1.24
1909-11-15,-1.5
1909-12-15,-1.08
1910-01-15,-0.93
1910-02-15,-0.64
1910-03-15,-0.79
1910-04-15,-1.17
1910-05-15,-1.4
1910-06-15,-1.04
1910-07-15,-0.88
1910-08-15,-0.9
1910-09-15,-1.29
1910-10-15,-0.94
1910-11-15,-0.52
1910-12-15,-0.64
1911-01-15,-0.57
1911-02-15,-0.58
1911-03-15,-0.82
1911-04-15,-1.11
1911-05-15,-1.05
1911-06-15,-0.64
1911-07-15,-0.22
1911-08-15,-0.28
1911-09-15,0.22
1911-10-15,0.2
1911-11-15,0.84
1911-12-15,0.96
1912-01-15,1.55
1912-02-15,0.83
1912-03-15,0.69
1912-04-15,0.58
1912-05-15,0.0
1912-06-15,-0.24
1912-07-15,-0.1
1912-08-15,-0.4
1912-09-15,0.09
1912-10-15,-0.13
1912-11-15,0.16
1912-12-15,-0.49
1913-01-15,-0.2
1913-02-15,0.18
1913-03-15,0.16
1913-04-15,-0.77
1913-05-15,-0.28
1913-06-15,-0.16
1913-07-15,-0.15
1913-08-15,-0.09
1913-09-15,0.05
1913-10-15,0.03
1913-11-15,0.8
1913-12-15,0.85
1914-01-15,0.7
1914-02-15,0.8
1914-03-15,0.32
1914-04-15,0.69
1914-05-15,0.01
1914-06-15,0.08
1914-07-15,0.53
1914-08-15,0.92
1914-09-15,0.68
1914-10-15,0.26
1914-11-15,0.3
1914-12-15,0.68
1915-01-15,0.88
1915-02-15,0.65
1915-03-15,0.49
1915-04-15,0.47
1915-05-15,0.52
1915-06-15,1.1
1915-07-15,0.07
1915-08-15,0.05
1915-09-15,0.17
1915-10-15,0.24
1915-11-15,-0.15
1915-12-15,-0.23
1916-01-15,-0.12
1916-02-15,-0.61
1916-03-15,-0.54
1916-04-15,-0.63
1916-05-15,-0.23
1916-06-15,-0.36
1916-07-15,-1.11
1916-08-15,-1.48
1916-09-15,-1.36
1916-10-15,-1.36
1916-11-15,-1.72
1916-12-15,-1.64
1917-01-15,-1.56
1917-02-15,-1.2
1917-03-15,-0.64
1917-04-15,-0.29
1917-05-15,-0.3
1917-06-15,-0.04
1917-07-15,-0.05
1917-08-15,0.15
1917-09-15,-0.03
1917-10-15,0.04
1917-11-15,-0.43
1917-12-15,-0.72
1918-01-15,-0.84
1918-02-15,-0.82
1918-03-15,-0.96
1918-04-15,-0.56
1918-05-15,-0.17
1918-06-15,0.37
1918-07-15,-0.07
1918-08-15,0.12
1918-09-15,0.41
1918-10-15,0.93
1918-11-15,1.23
1918-12-15,1.3
1919-01-15,1.6
1919-02-15,1.24
1919-03-15,0.9
1919-04-15,0.69
1919-05-15,0.63
1919-06-15,0.61
1919-07-15,0.4
1919-08-15,0.62
1919-09-15,0.5
1919-10-15,0.13
1919-11-15,-0.37
1919-12-15,0.34
1920-01-15,0.64
1920-02-15,0.6
1920-03-15,0.53
1920-04-15,-0.16
1920-05-15,-0.21
1920-06-15,0.29
1920-07-15,0.15
1920-08-15,0.13
1920-09-15,0.27
1920-10-15,0.48
1920-11-15,-0.08
1920-12-15,-0.01
1921-01-15,0.43
1921-02-15,-0.52
1921-03-15,-1.42
1921-04-15,-0.55
1921-05-15,-0.92
1921-06-15,-0.21
1921-07-15,-0.27
1921-08-15,-0.29
1921-09-15,-0.17
1921-10-15,0.04
1921-11-15,-1.03
1921-12-15,-0.5
1922-01-15,-0.54
1922-02-15,-0.07
1922-03-15,0.08
1922-04-15,-0.54
1922-05-15,0.22
1922-06-15,-0.44
1922-07-15,-0.44
1922-08-15,-0.78
1922-09-15,-0.38
1922-10-15,-0.26
1922-11-15,-0.31
1922-12-15,-0.53
1923-01-15,-0.41
1923-02-15,-0.76
1923-03-15,-0.85
1923-04-15,-0.55
1923-05-15,-0.25
1923-06-15,-0.15
1923-07-15,-0.2
1923-08-15,0.2
1923-09-15,0.64
1923-10-15,0.79
1923-11-15,0.87
1923-12-15,1.02
1924-01-15,0.46
1924-02-15,0.63
1924-03-15,0.39
1924-04-15,-0.02
1924-05-15,-0.85
1924-06-15,-0.67
1924-07-15,-0.98
1924-08-15,-0.78
1924-09-15,-0.86
1924-10-15,-0.46
1924-11-15,-1.09
1924-12-15,-0.66
1925-01-15,-1.03
1925-02-15,-0.47
1925-03-15,-0.53
1925-04-15,-0.52
1925-05-15,-0.4
1925-06-15,-0.18
1925-07-15,0.5
1925-08-15,0.68
1925-09-15,0.77
1925-10-15,0.85
1925-11-15,1.0
1925-12-15,1.6
1926-01-15,1.52
1926-02-15,1.29
1926-03-15,1.19
1926-04-15,1.01
1926-05-15,0.83
1926-06-15,0.61
1926-07-15,0.63
1926-08-15,0.15
1926-09-15,-0.07
1926-10-15,-0.39
1926-11-15,-0.27
1926-12-15,-0.23
1927-01-15,0.1
1927-02-15,0.23
1927-03-15,-0.18
1927-04-15,-0.27
1927-05-15,-0.59
1927-06-15,-0.15
1927-07-15,-0.31
1927-08-15,-0.09
1927-09-15,-0.16
1927-10-15,0.27
1927-11-15,-0.04
1927-12-15,0.25
1928-01-15,0.47
1928-02-15,0.21
1928-03-15,-0.24
1928-04-15,-0.22
1928-05-15,-0.04
1928-06-15,-0.26
1928-07-15,0.02
1928-08-15,-0.28
1928-09-15,-0.13
1928-10-15,-0.12
1928-11-15,-0.17
1928-12-15,-0.03
1929-01-15,-0.15
1929-02-15,-0.08
1929-03-15,-0.15
1929-04-15,-0.15
1929-05-15,-0.17
1929-06-15,0.13
1929-07-15,-0.02
1929-08-15,0.1
1929-09-15,0.3
1929-10-15,0.4
1929-11-15,0.18
1929-12-15,0.63
1930-01-15,0.35
1930-02-15,0.39
1930-03-15,0.29
1930-04-15,0.41
1930-05-15,-0.04
1930-06-15,0.27
1930-07-15,0.64
1930-08-15,0.68
1930-09-15,1.28
1930-10-15,1.14
1930-11-15,1.79
1930-12-15,1.41
1931-01-15,1.49
1931-02-15,1.33
1931-03-15,1.18
1931-04-15,0.96
1931-05-15,0.63
1931-06-15,0.48
1931-07-15,0.4
1931-08-15,0.15
1931-09-15,-0.42
1931-10-15,-0.22
1931-11-15,-0.27
1931-12-15,-0.28
1932-01-15,-0.42
1932-02-15,-0.19
1932-03-15,0.25
1932-04-15,0.25
1932-05-15,0.28
1932-06-15,0.19
1932-07-15,-0.11
1932-08-15,0.09
1932-09-15,0.02
1932-10-15,0.02
1932-11-15,-0.04
1932-12-15,-0.41
1933-01-15,-0.22
1933-02-15,-0.08
1933-03-15,-0.2
1933-04-15,0.01
1933-05-15,-0.4
1933-06-15,-0.86
1933-07-15,-0.66
1933-08-15,-0.94
1933-09-15,-0.77
1933-10-15,-1.1
1933-11-15,-1.06
1933-12-15,-1.21
1934-01-15,-0.94
1934-02-15,-0.87
1934-03-15,-0.94
1934-04-15,-0.42
1934-05-15,-0.49
1934-06-15,-0.33
1934-07-15,-0.43
1934-08-15,-0.33
1934-09-15,-0.52
1934-10-15,-0.26
1934-11-15,-0.11
1934-12-15,-0.24
1935-01-15,-0.32
1935-02-15,-0.19
1935-03-15,-0.28
1935-04-15,-0.32
1935-05-15,-0.54
1935-06-15,-0.4
1935-07-15,-0.65
1935-08-15,0.06
1935-09-15,0.08
1935-10-15,0.28
1935-11-15,0.28
1935-12-15,-0.04
1936-01-15,0.74
1936-02-15,0.49
1936-03-15,0.0
1936-04-15,0.29
1936-05-15,-0.07
1936-06-15,-0.35
1936-07-15,-0.34
1936-08-15,-0.32
1936-09-15,-0.1
1936-10-15,0.38
1936-11-15,-0.03
1936-12-15,0.63
1937-01-15,-0.3
1937-02-15,0.3
1937-03-15,0.25
1937-04-15,0.21
1937-05-15,-0.43
1937-06-15,-0.3
1937-07-15,0.09
1937-08-15,-0.2
1937-09-15,0.17
1937-10-15,-0.1
1937-11-15,0.21
1937-12-15,0.22
1938-01-15,-0.21
1938-02-15,0.23
1938-03-15,-0.06
1938-04-15,0.09
1938-05-15,-0.33
1938-06-15,-0.88
1938-07-15,-0.98
1938-08-15,-0.81
1938-09-15,-0.28
1938-10-15,-0.75
1938-11-15,-0.72
1938-12-15,-0.79
1939-01-15,-0.67
1939-02-15,-0.95
1939-03-15,-0.85
1939-04-15,-0.27
1939-05-15,-0.25
1939-06-15,0.05
1939-07-15,0.25
1939-08-15,0.06
1939-09-15,0.43
1939-10-15,-0.47
1939-11-15,0.32
1939-12-15,0.05
1940-01-15,1.18
1940-02-15,1.38
1940-03-15,1.19
1940-04-15,0.8
1940-05-15,0.34
1940-06-15,0.55
1940-07-15,0.21
1940-08-15,0.75
1940-09-15,0.05
1940-10-15,0.32
1940-11-15,0.7
1940-12-15,1.39
1941-01-15,1.38
1941-02-15,1.34
1941-03-15,1.41
1941-04-15,1.36
1941-05-15,1.32
1941-06-15,0.88
1941-07-15,0.73
1941-08-15,0.79
1941-09-15,0.68
1941-10-15,0.99
1941-11-15,1.17
1941-12-15,1.27
1942-01-15,0.61
1942-02-15,0.53
1942-03-15,0.25
1942-04-15,0.57
1942-05-15,-0.1
1942-06-15,-0.52
1942-07-15,-0.55
1942-08-15,-0.96
1942-09-15,-1.17
1942-10-15,-1.32
1942-11-15,-1.5
1942-12-15,-1.24
1943-01-15,-1.2
1943-02-15,-1.18
1943-03-15,-1.1
1943-04-15,-0.6
1943-05-15,-0.36
1943-06-15,-0.11
1943-07-15,-0.09
1943-08-15,0.05
1943-09-15,-0.24
1943-10-15,-0.44
1943-11-15,-0.5
1943-12-15,-0.42
1944-01-15,-0.42
1944-02-15,0.16
1944-03-15,-0.21
1944-04-15,0.11
1944-05-15,0.14
1944-06-15,0.03
1944-07-15,0.08
1944-08-15,0.0
1944-09-15,-0.31
1944-10-15,-0.22
1944-11-15,-0.35
1944-12-15,-0.26
1945-01-15,-0.36
1945-02-15,-0.47
1945-03-15,-0.79
1945-04-15,-0.76
1945-05-15,-0.46
1945-06-15,-0.59
1945-07-15,-0.61
1945-08-15,-0.84
1945-09-15,-0.82
1945-10-15,-0.86
1945-11-15,-0.42
1945-12-15,-0.54
1946-01-15,-0.44
1946-02-15,-0.24
1946-03-15,-0.36
1946-04-15,-0.48
1946-05-15,-0.39
1946-06-15,0.15
1946-07-15,0.03
1946-08-15,-0.52
1946-09-15,-0.19
1946-10-15,-0.01
1946-11-15,-0.18
1946-12-15,0.03
1947-01-15,0.39
1947-02-15,-0.13
1947-03-15,0.28
1947-04-15,-0.07
1947-05-15,-0.55
1947-06-15,0.07
1947-07-15,-0.39
1947-08-15,-0.37
1947-09-15,-1.05
1947-10-15,-0.82
1947-11-15,-0.73
1947-12-15,0.18
1948-01-15,0.05
1948-02-15,0.37
1948-03-15,0.63
1948-04-15,0.25
1948-05-15,0.31
1948-06-15,0.06
1948-07-15,-0.06
1948-08-15,-0.02
1948-09-15,-0.02
1948-10-15,-0.68
1948-11-15,-0.3
1948-12-15,0.38
1949-01-15,-0.46
1949-02-15,0.26
1949-03-15,-0.55
1949-04-15,0.19
1949-05-15,-0.07
1949-06-15,-0.72
1949-07-15,-0.39
1949-08-15,-0.32
1949-09-15,-0.65
1949-10-15,-0.72
1949-11-15,-1.33
1949-12-15,-1.2
1950-01-15,-1.05
1950-02-15,-1.5
1950-03-15,-1.07
1950-04-15,-0.91
1950-05-15,-1.3
1950-06-15,-0.86
1950-07-15,-1.08
1950-08-15,-0.63
1950-09-15,-1.1
1950-10-15,-0.83
1950-11-15,-1.38
1950-12-15,-1.04
1951-01-15,-1.13
1951-02-15,-0.74
1951-03-15,-0.77
1951-04-15,-0.17
1951-05-15,-0.1
1951-06-15,-0.09
1951-07-15,0.66
1951-08-15,0.9
1951-09-15,0.67
1951-10-15,0.79
1951-11-15,0.78
1951-12-15,0.71
1952-01-15,0.39
1952-02-15,0.24
1952-03-15,0.04
1952-04-15,0.41
1952-05-15,-0.38
1952-06-15,-0.66
1952-07-15,-0.59
1952-08-15,-0.42
1952-09-15,-0.35
1952-10-15,-0.04
1952-11-15,-0.32
1952-12-15,-0.55
1953-01-15,0.36
1953-02-15,0.24
1953-03-15,0.22
1953-04-15,0.77
1953-05-15,0.35
1953-06-15,0.41
1953-07-15,0.2
1953-08-15,0.04
1953-09-15,0.67
1953-10-15,0.11
1953-11-15,0.31
1953-12-15,0.15
1954-01-15,0.39
1954-02-15,0.21
1954-03-15,0.01
1954-04-15,-0.32
1954-05-15,-0.53
1954-06-15,-0.8
1954-07-15,-1.02
1954-08-15,-1.08
1954-09-15,-1.03
1954-10-15,-0.91
1954-11-15,-1.17
1954-12-15,-0.79
1955-01-15,-0.66
1955-02-15,-0.79
1955-03-15,-0.8
1955-04-15,-0.95
1955-05-15,-1.23
1955-06-15,-1.2
1955-07-15,-1.32
1955-08-15,-0.91
1955-09-15,-1.33
1955-10-15,-1.59
1955-11-15,-1.91
1955-12-15,-1.52
1956-01-15,-1.23
1956-02-15,-0.98
1956-03-15,-0.93
1956-04-15,-0.78
1956-05-15,-0.59
1956-06-15,-0.83
1956-07-15,-0.94
1956-08-15,-0.81
1956-09-15,-0.91
1956-10-15,-0.69
1956-11-15,-1.01
1956-12-15,-0.58
1957-01-15,-0.56
1957-02-15,-0.24
1957-03-15,0.08
1957-04-15,0.42
1957-05-15,0.45
1957-06-15,0.53
1957-07-15,0.69
1957-08-15,0.79
1957-09-15,0.53
1957-10-15,0.74
1957-11-15,1.09
1957-12-15,1.18
1958-01-15,1.54
1958-02-15,1.4
1958-03-15,0.99
1958-04-15,0.31
1958-05-15,0.32
1958-06-15,0.3
1958-07-15,0.04
1958-08-15,0.24
1958-09-15,-0.31
1958-10-15,-0.03
1958-11-15,0.05
1958-12-15,0.3
1959-01-15,0.43
1959-02-15,0.5
1959-03-15,0.26
1959-04-15,0.27
1959-05-15,-0.01
1959-06-15,-0.33
1959-07-15,-0.28
1959-08-15,-0.41
1959-09-15,-0.53
1959-10-15,0.11
1959-11-15,-0.17
1959-12-15,-0.05
1960-01-15,0.02
1960-02-15,-0.24
1960-03-15,-0.08
1960-04-15,0.01
1960-05-15,0.05
1960-06-15,-0.2
1960-07-15,-0.25
1960-08-15,-0.0
1960-09-15,0.04
1960-10-15,-0.07
1960-11-15,-0.38
1960-12-15,0.02
1961-01-15,-0.15
1961-02-15,0.04
1961-03-15,-0.1
1961-04-15,0.13
1961-05-15,-0.01
1961-06-15,0.1
1961-07-15,-0.32
1961-08-15,-0.25
1961-09-15,-0.52
1961-10-15,-0.71
1961-11-15,-0.19
1961-12-15,-0.29
1962-01-15,-0.25
1962-02-15,-0.16
1962-03-15,-0.41
1962-04-15,-0.32
1962-05-15,-0.42
1962-06-15,-0.22
1962-07-15,-0.3
1962-08-15,-0.13
1962-09-15,-0.56
1962-10-15,-0.33
1962-11-15,-0.43
1962-12-15,-0.49
1963-01-15,-0.32
1963-02-15,-0.26
1963-03-15,-0.06
1963-04-15,-0.06
1963-05-15,-0.0
1963-06-15,0.12
1963-07-15,0.72
1963-08-15,0.9
1963-09-15,0.65
1963-10-15,0.84
1963-11-15,0.75
1963-12-15,1.05
1964-01-15,0.76
1964-02-15,0.55
1964-03-15,-0.16
1964-04-15,-0.53
1964-05-15,-0.74
1964-06-15,-0.88
1964-07-15,-0.65
1964-08-15,-0.76
1964-09-15,-0.93
1964-10-15,-1.0
1964-11-15,-1.1
1964-12-15,-1.07
1965-01-15,-0.57
1965-02-15,-0.36
1965-03-15,-0.34
1965-04-15,-0.09
1965-05-15,0.19
1965-06-15,0.45
1965-07-15,0.81
1965-08-15,1.25
1965-09-15,1.26
1965-10-15,1.61
1965-11-15,1.54
1965-12-15,1.45
1966-01-15,1.13
1966-02-15,0.83
1966-03-15,0.83
1966-04-15,0.54
1966-05-15,-0.06
1966-06-15,0.14
1966-07-15,0.23
1966-08-15,-0.1
1966-09-15,-0.05
1966-10-15,-0.05
1966-11-15,-0.37
1966-12-15,-0.26
1967-01-15,-0.55
1967-02-15,-0.56
1967-03-15,-0.47
1967-04-15,-0.53
1967-05-15,-0.24
1967-06-15,-0.12
1967-07-15,-0.1
1967-08-15,-0.31
1967-09-15,-0.59
1967-10-15,-0.38
1967-11-15,-0.34
1967-12-15,-0.35
1968-01-15,-0.6
1968-02-15,-0.74
1968-03-15,-0.76
1968-04-15,-0.47
1968-05-15,-0.44
1968-06-15,0.19
1968-07-15,0.31
1968-08-15,0.33
1968-09-15,0.05
1968-10-15,0.32
1968-11-15,0.76
1968-12-15,0.76
1969-01-15,0.9
1969-02-15,1.02
1969-03-15,0.61
1969-04-15,0.33
1969-05-15,0.39
1969-06-15,0.26
1969-07-15,0.1
1969-08-15,0.52
1969-09-15,0.47
1969-10-15,0.66
1969-11-15,0.75
1969-12-15,0.68
1970-01-15,0.55
1970-02-15,0.36
1970-03-15,0.26
1970-04-15,0.18
1970-05-15,0.01
1970-06-15,-0.3
1970-07-15,-0.98
1970-08-15,-0.95
1970-09-15,-0.78
1970-10-15,-0.65
1970-11-15,-0.85
1970-12-15,-1.11
1971-01-15,-1.47
1971-02-15,-1.28
1971-03-15,-1.29
1971-04-15,-0.97
1971-05-15,-0.82
1971-06-15,-0.78
1971-07-15,-0.64
1971-08-15,-0.65
1971-09-15,-0.75
1971-10-15,-0.78
1971-11-15,-0.85
1971-12-15,-0.89
1972-01-15,-0.58
1972-02-15,-0.22
1972-03-15,-0.25
1972-04-15,0.21
1972-05-15,0.33
1972-06-15,0.66
1972-07-15,0.83
1972-08-15,1.3
1972-09-15,1.19
1972-10-15,1.77
1972-11-15,1.87
1972-12-15,2.19
1973-01-15,1.6
1973-02-15,1.08
1973-03-15,0.58
1973-04-15,-0.07
1973-05-15,-0.56
1973-06-15,-0.86
1973-07-15,-1.14
1973-08-15,-1.21
1973-09-15,-1.4
1973-10-15,-1.58
1973-11-15,-2.07
1973-12-15,-2.18
1974-01-15,-2.02
1974-02-15,-1.5
1974-03-15,-1.44
1974-04-15,-1.0
1974-05-15,-0.79
1974-06-15,-0.7
1974-07-15,-0.65
1974-08-15,-0.32
1974-09-15,-0.35
1974-10-15,-0.75
1974-11-15,-0.96
1974-12-15,-0.86
1975-01-15,-0.37
1975-02-15,-0.33
1975-03-15,-0.59
1975-04-15,-0.59
1975-05-15,-1.0
1975-06-15,-1.25
1975-07-15,-1.24
1975-08-15,-1.16
1975-09-15,-1.44
1975-10-15,-1.47
1975-11-15,-1.46
1975-12-15,-1.64
1976-01-15,-1.8
1976-02-15,-1.05
1976-03-15,-0.68
1976-04-15,-0.42
1976-05-15,-0.49
1976-06-15,0.0
1976-07-15,0.15
1976-08-15,0.31
1976-09-15,0.57
1976-10-15,0.86
1976-11-15,0.88
1976-12-15,0.64
1977-01-15,0.84
1977-02-15,0.55
1977-03-15,0.4
1977-04-15,-0.25
1977-05-15,-0.03
1977-06-15,0.36
1977-07-15,0.45
1977-08-15,0.25
1977-09-15,0.44
1977-10-15,0.89
1977-11-15,1.03
1977-12-15,1.09
1978-01-15,0.72
1978-02-15,0.51
1978-03-15,0.06
1978-04-15,-0.37
1978-05-15,-0.5
1978-06-15,-0.45
1978-07-15,-0.48
1978-08-15,-0.62
1978-09-15,-0.6
1978-10-15,-0.34
1978-11-15,-0.15
1978-12-15,0.07
1979-01-15,0.05
1979-02-15,0.09
1979-03-15,0.13
1979-04-15,0.17
1979-05-15,-0.09
1979-06-15,0.04
1979-07-15,-0.2
1979-08-15,0.21
1979-09-15,0.48
1979-10-15,0.32
1979-11-15,0.35
1979-12-15,0.69
1980-01-15,0.55
1980-02-15,0.33
1980-03-15,0.09
1980-04-15,0.2
1980-05-15,0.13
1980-06-15,0.37
1980-07-15,0.02
1980-08-15,-0.23
1980-09-15,-0.12
1980-10-15,-0.11
1980-11-15,0.1
1980-12-15,0.36
1981-01-15,-0.46
1981-02-15,-0.45
1981-03-15,-0.02
1981-04-15,-0.17
1981-05-15,-0.11
1981-06-15,-0.15
1981-07-15,-0.43
1981-08-15,-0.18
1981-09-15,-0.07
1981-10-15,-0.03
1981-11-15,-0.27
1981-12-15,0.07
1982-01-15,-0.04
1982-02-15,-0.13
1982-03-15,-0.02
1982-04-15,0.24
1982-05-15,0.65
1982-06-15,0.92
1982-07-15,0.64
1982-08-15,0.93
1982-09-15,1.39
1982-10-15,2.0
1982-11-15,2.07
1982-12-15,2.33
1983-01-15,2.43
1983-02-15,2.22
1983-03-15,1.69
1983-04-15,1.12
1983-05-15,1.12
1983-06-15,0.62
1983-07-15,-0.11
1983-08-15,-0.13
1983-09-15,-0.5
1983-10-15,-1.03
1983-11-15,-1.13
1983-12-15,-0.95
1984-01-15,-0.8
1984-02-15,-0.53
1984-03-15,-0.48
1984-04-15,-0.6
1984-05-15,-0.64
1984-06-15,-0.9
1984-07-15,-0.4
1984-08-15,-0.4
1984-09-15,-0.35
1984-10-15,-0.83
1984-11-15,-1.18
1984-12-15,-1.53
1985-01-15,-0.89
1985-02-15,-0.91
1985-03-15,-0.96
1985-04-15,-0.98
1985-05-15,-0.9
1985-06-15,-0.76
1985-07-15,-0.61
1985-08-15,-0.49
1985-09-15,-0.57
1985-10-15,-0.64
1985-11-15,-0.43
1985-12-15,-0.4
1986-01-15,-0.79
1986-02-15,-0.64
1986-03-15,-0.51
1986-04-15,-0.41
1986-05-15,-0.47
1986-06-15,-0.08
1986-07-15,0.16
1986-08-15,0.24
1986-09-15,0.59
1986-10-15,0.9
1986-11-15,1.04
1986-12-15,0.98
1987-01-15,1.19
1987-02-15,1.17
1987-03-15,1.24
1987-04-15,0.89
1987-05-15,0.91
1987-06-15,1.24
1987-07-15,1.34
1987-08-15,1.48
1987-09-15,1.53
1987-10-15,1.36
1987-11-15,1.29
1987-12-15,1.05
1988-01-15,0.69
1988-02-15,0.35
1988-03-15,0.29
1988-04-15,-0.49
1988-05-15,-1.05
1988-06-15,-1.46
1988-07-15,-1.54
1988-08-15,-1.44
1988-09-15,-1.33
1988-10-15,-2.09
1988-11-15,-2.18
1988-12-15,-1.98
1989-01-15,-1.95
1989-02-15,-1.37
1989-03-15,-1.33
1989-04-15,-1.11
1989-05-15,-0.8
1989-06-15,-0.64
1989-07-15,-0.47
1989-08-15,-0.58
1989-09-15,-0.38
1989-10-15,-0.4
1989-11-15,-0.3
1989-12-15,-0.13
1990-01-15,0.02
1990-02-15,0.36
1990-03-15,0.2
1990-04-15,0.26
1990-05-15,0.32
1990-06-15,0.0
1990-07-15,0.15
1990-08-15,0.17
1990-09-15,0.12
1990-10-15,0.13
1990-11-15,0.08
1990-12-15,0.32
1991-01-15,0.51
1991-02-15,0.32
1991-03-15,0.1
1991-04-15,0.21
1991-05-15,0.44
1991-06-15,0.65
1991-07-15,0.62
1991-08-15,0.43
1991-09-15,0.22
1991-10-15,0.91
1991-11-15,1.14
1991-12-15,1.62
1992-01-15,1.61
1992-02-15,1.62
1992-03-15,1.5
1992-04-15,1.41
1992-05-15,1.27
1992-06-15,0.53
1992-07-15,0.27
1992-08-15,-0.15
1992-09-15,-0.14
1992-10-15,-0.35
1992-11-15,-0.14
1992-12-15,0.04
1993-01-15,0.28
1993-02-15,0.42
1993-03-15,0.47
1993-04-15,0.92
1993-05-15,0.93
1993-06-15,0.64
1993-07-15,0.33
1993-08-15,0.16
1993-09-15,0.26
1993-10-15,0.36
1993-11-15,0.28
1993-12-15,0.19
1994-01-15,0.04
1994-02-15,-0.16
1994-03-15,-0.06
1994-04-15,0.03
1994-05-15,0.14
1994-06-15,0.27
1994-07-15,0.16
1994-08-15,0.52
1994-09-15,0.4
1994-10-15,0.9
1994-11-15,1.14
1994-12-15,1.21
1995-01-15,1.1
1995-02-15,0.87
1995-03-15,0.49
1995-04-15,0.27
1995-05-15,0.03
1995-06-15,0.08
1995-07-15,0.03
1995-08-15,-0.38
1995-09-15,-0.57
1995-10-15,-0.72
1995-11-15,-0.78
1995-12-15,-0.72
1996-01-15,-0.65
1996-02-15,-0.66
1996-03-15,-0.48
1996-04-15,-0.34
1996-05-15,-0.4
1996-06-15,-0.12
1996-07-15,-0.14
1996-08-15,-0.3
1996-09-15,-0.34
1996-10-15,-0.28
1996-11-15,-0.3
1996-12-15,-0.43
1997-01-15,-0.43
1997-02-15,-0.24
1997-03-15,-0.06
1997-04-15,0.34
1997-05-15,0.87
1997-06-15,1.15
1997-07-15,1.6
1997-08-15,1.94
1997-09-15,2.1
1997-10-15,2.29
1997-11-15,2.42
1997-12-15,2.3
1998-01-15,2.42
1998-02-15,2.08
1998-03-15,1.49
1998-04-15,0.9
1998-05-15,0.68
1998-06-15,-0.39
1998-07-15,-0.73
1998-08-15,-0.83
1998-09-15,-0.82
1998-10-15,-1.19
1998-11-15,-1.23
1998-12-15,-1.51
1999-01-15,-1.53
1999-02-15,-1.41
1999-03-15,-0.92
1999-04-15,-0.81
1999-05-15,-0.87
1999-06-15,-0.95
1999-07-15,-0.84
1999-08-15,-0.98
1999-09-15,-0.84
1999-10-15,-1.03
1999-11-15,-1.41
1999-12-15,-1.54
2000-01-15,-1.79
2000-02-15,-1.53
2000-03-15,-1.26
2000-04-15,-0.8
2000-05-15,-0.8
2000-06-15,-0.75
2000-07-15,-0.57
2000-08-15,-0.36
2000-09-15,-0.39
2000-10-15,-0.55
2000-11-15,-0.75
2000-12-15,-0.92
2001-01-15,-0.88
2001-02-15,-0.63
2001-03-15,-0.48
2001-04-15,-0.3
2001-05-15,-0.3
2001-06-15,-0.11
2001-07-15,0.01
2001-08-15,-0.07
2001-09-15,-0.28
2001-10-15,-0.26
2001-11-15,-0.28
2001-12-15,-0.46
2002-01-15,-0.14
2002-02-15,0.0
2002-03-15,0.11
2002-04-15,0.14
2002-05-15,0.21
2002-06-15,0.68
2002-07-15,0.57
2002-08-15,0.7
2002-09-15,0.82
2002-10-15,1.16
2002-11-15,1.41
2002-12-15,1.41
2003-01-15,0.98
2003-02-15,0.64
2003-03-15,0.48
2003-04-15,-0.03
2003-05-15,-0.52
2003-06-15,-0.19
2003-07-15,0.14
2003-08-15,0.05
2003-09-15,0.15
2003-10-15,0.46
2003-11-15,0.39
2003-12-15,0.32
2004-01-15,0.26
2004-02-15,0.17
2004-03-15,-0.1
2004-04-15,0.06
2004-05-15,0.1
2004-06-15,0.14
2004-07-15,0.41
2004-08-15,0.66
2004-09-15,0.67
2004-10-15,0.73
2004-11-15,0.62
2004-12-15,0.71
2005-01-15,0.56
2005-02-15,0.26
2005-03-15,0.28
2005-04-15,0.28
2005-05-15,0.3
2005-06-15,0.22
2005-07-15,-0.01
2005-08-15,-0.04
2005-09-15,-0.08
2005-10-15,-0.15
2005-11-15,-0.44
2005-12-15,-0.75
2006-01-15,-0.98
2006-02-15,-0.71
2006-03-15,-0.73
2006-04-15,-0.3
2006-05-15,-0.11
2006-06-15,0.09
2006-07-15,0.03
2006-08-15,0.37
2006-09-15,0.62
2006-10-15,0.76
2006-11-15,0.98
2006-12-15,1.1
2007-01-15,0.59
2007-02-15,0.12
2007-03-15,-0.15
2007-04-15,-0.16
2007-05-15,-0.39
2007-06-15,-0.16
2007-07-15,-0.37
2007-08-15,-0.57
2007-09-15,-1.04
2007-10-15,-1.41
2007-11-15,-1.58
2007-12-15,-1.61
2008-01-15,-1.79
2008-02-15,-1.7
2008-03-15,-1.17
2008-04-15,-0.89
2008-05-15,-0.64
2008-06-15,-0.44
2008-07-15,-0.04
2008-08-15,-0.04
2008-09-15,-0.28
2008-10-15,-0.3
2008-11-15,-0.37
2008-12-15,-0.9
2009-01-15,-1.0
2009-02-15,-0.71
2009-03-15,-0.72
2009-04-15,-0.25
2009-05-15,0.17
2009-06-15,0.49
2009-07-15,0.69
2009-08-15,0.62
2009-09-15,0.68
2009-10-15,0.96
2009-11-15,1.49
2009-12-15,1.81
2010-01-15,1.43
2010-02-15,1.18
2010-03-15,1.07
2010-04-15,0.56
2010-05-15,-0.15
2010-06-15,-0.62
2010-07-15,-0.89
2010-08-15,-1.33
2010-09-15,-1.56
2010-10-15,-1.65
2010-11-15,-1.57
2010-12-15,-1.63
2011-01-15,-1.7
2011-02-15,-1.26
2011-03-15,-0.98
2011-04-15,-0.74
2011-05-15,-0.53
2011-06-15,-0.25
2011-07-15,-0.23
2011-08-15,-0.66
2011-09-15,-0.76
2011-10-15,-0.93
2011-11-15,-1.09
2011-12-15,-1.05
2012-01-15,-0.93
2012-02-15,-0.61
2012-03-15,-0.48
2012-04-15,-0.29
2012-05-15,-0.18
2012-06-15,0.14
2012-07-15,0.44
2012-08-15,0.66
2012-09-15,0.44
2012-10-15,0.23
2012-11-15,0.33
2012-12-15,-0.13
2013-01-15,-0.42
2013-02-15,-0.4
2013-03-15,-0.14
2013-04-15,-0.08
2013-05-15,-0.28
2013-06-15,-0.33
2013-07-15,-0.28
2013-08-15,-0.29
2013-09-15,-0.09
2013-10-15,-0.24
2013-11-15,-0.02
2013-12-15,-0.09
2014-01-15,-0.42
2014-02-15,-0.45
2014-03-15,-0.07
2014-04-15,0.28
2014-05-15,0.45
2014-06-15,0.48
2014-07-15,0.13
2014-08-15,0.14
2014-09-15,0.37
2014-10-15,0.48
2014-11-15,0.89
2014-12-15,0.77
2015-01-15,0.59
2015-02-15,0.57
2015-03-15,0.48
2015-04-15,0.9
2015-05-15,1.04
2015-06-15,1.28
2015-07-15,1.56
2015-08-15,1.87
2015-09-15,2.01
2015-10-15,2.21
2015-11-15,2.57
2015-12-15,2.56
2016-01-15,2.56
2016-02-15,2.11
2016-03-15,1.6
2016-04-15,1.05
2016-05-15,0.45
2016-06-15,0.06
2016-07-15,-0.25
2016-08-15,-0.48
2016-09-15,-0.46
2016-10-15,-0.75
2016-11-15,-0.63
2016-12-15,-0.51
2017-01-15,-0.34
2017-02-15,-0.01
2017-03-15,-0.09
2017-04-15,0.22
2017-05-15,0.3
2017-06-15,0.22
2017-07-15,0.22
2017-08-15,-0.18
2017-09-15,-0.56
2017-10-15,-0.52
2017-11-15,-0.84
2017-12-15,-0.85
2018-01-15,-0.86
2018-02-15,-0.73
2018-03-15,-0.73
2018-04-15,-0.36
2018-05-15,-0.12
2018-06-15,0.12
2018-07-15,0.27
2018-08-15,0.05
2018-09-15,0.3
2018-10-15,0.84
2018-11-15,1.0
2018-12-15,0.97
2019-01-15,0.51
2019-02-15,0.62
2019-03-15,0.81
2019-04-15,0.67
2019-05-15,0.61
2019-06-15,0.66
2019-07-15,0.41
2019-08-15,0.19
2019-09-15,0.11
2019-10-15,0.55
2019-11-15,0.74
2019-12-15,0.51
2020-01-15,0.64
2020-02-15,0.48
2020-03-15,0.36
2020-04-15,0.49
2020-05-15,-0.12
2020-06-15,-0.21
2020-07-15,-0.04
2020-08-15,-0.42
2020-09-15,-0.66
2020-10-15,-1.19
2020-11-15,-1.01
2020-12-15,-0.98
2021-01-15,-1.04
2021-02-15,-0.94
2021-03-15,-0.72
2021-04-15,-0.55
2021-05-15,-0.41
2021-06-15,-0.06
2021-07-15,-0.2
2021-08-15,-0.38
2021-09-15,-0.5
2021-10-15,-0.78
2021-11-15,-0.88
2021-12-15,-1.07
2022-01-15,-0.77
2022-02-15,-0.68
2022-03-15,-0.84
2022-04-15,-0.9
2022-05-15,-1.02
2022-06-15,-0.77
2022-07-15,-0.56
2022-08-15,-0.96
2022-09-15,-1.06
2022-10-15,-0.99
2022-11-15,-0.76
2022-12-15,-0.86
2023-01-15,-0.78
2023-02-15,-0.62
2023-03-15,-0.13
2023-04-15,0.24
2023-05-15,0.47
2023-06-15,0.95
2023-07-15,1.2
2023-08-15,1.56
2023-09-15,1.65
2023-10-15,1.59
2023-11-15,2.01
2023-12-15,1.81
2024-01-15,1.71
2024-02-15,1.47
2024-03-15,1.1
2024-04-15,0.93
2024-05-15,0.41
2024-06-15,0.25
2024-07-15,0.2
2024-08-15,0.02
2024-09-15,-0.11
2024-10-15,-0.24
2024-11-15,-0.05
2024-12-15,-0.58
2025-01-15,-0.76
2025-02-15,-0.39
2025-03-15,0.05
2025-04-15,-0.08
2025-05-15,-0.08
2025-06-15,0.01
2025-07-15,-0.03
2025-08-15,-0.11
2025-09-15,-0.3
2025-10-15,-0.5
2025-11-15,-0.68
2025-12-15,-0.49
2026-01-15,-0.54
2026-02-15,-0.25
2026-03-15,-0.12
2026-04-15,0.38
2026-05-15,0.8
